intervalo_dias,percentil,peso_nacer_2000_2500_g,peso_nacer_2500_3000_g,peso_nacer_3000_3500_g,peso_nacer_3500_4000_g,peso_nacer_4000_mas_g,todos_g
0-7,50,0,150,100,100,150,100
0-7,25,*,0,0,0,0,0
0-7,10,*,-100,-100,-150,-100,-100
0-7,5,*,-150,-200,-250,-200,-200
0-7,n,18,109,147,85,25,384
7-14,50,200,200,200,200,200,200
7-14,25,*,100,100,100,100,100
7-14,10,*,0,0,0,50,0
7-14,5,*,-100,-50,-100,0,-50
7-14,n,18,108,147,84,25,382
14-28,50,500,600,550,550,600,550
14-28,25,*,450,436,450,450,450
14-28,10,*,400,350,300,300,350
14-28,5,*,300,300,250,200,300
14-28,n,20,124,176,93,28,441
28-42,50,500,500,465,457,525,500
28-42,25,*,382,400,325,375,382
28-42,10,*,300,300,295,300,300
28-42,5,*,300,250,200,300,250
28-42,n,20,127,174,92,28,441
42-60,50,550,550,500,585,550,550
42-60,25,*,400,400,408,334,400
42-60,10,*,300,300,350,155,300
42-60,5,*,300,289,250,150,288
42-60,n,18,127,175,92,28,440
