Tabla,Prueba,Unidad,Nacimiento,1 semana,1 mes,1 1/2 mes,Notas
Química sanguínea,Proteína total en suero,g/dL,4.4-7.6,,,,
Química sanguínea,Albúmina en suero,g/dL,2.9-5.5,,,,
Química sanguínea,Prealbúmina en suero,mg/dL,,4.0-22.0,9.0-27.0,,
Química sanguínea,Creatinina en suero,mg/dL,0.2-1.2,,,,
Química sanguínea,Urea,mmol/L,1.3-5.1,,,,
Química sanguínea,Colesterol total en suero,mg/dL,50-120,,,,
Química sanguínea,Triglicéridos en suero,mg/dL,20-150,,,,
Química sanguínea,Folato en suero,ng/mL,2.0-15.0,,,,
Química sanguínea,Hierro total en suero,µg/dL,55-150,,,,
Química sanguínea,Magnesio,mmol/L,0.71-0.96,,,,
Química sanguínea,Calcio en sangre ionizada,mmol/L,0.90-1.45,,,,
Química sanguínea,Calcio en suero,mg/dL,Prematuro: 6.0-10.0; a término: 7.0-12.0,,,,
Química sanguínea,Fósforo en suero,mg/dL,Prematuro: 5.6-8.0; a término: 5.0-7.8; también se alcanza a leer 4.8-8.1,,,,
Química sanguínea,Sodio en suero,mmol/L,Prematuro: 132-140; a término: 133-142,,,,
Química sanguínea,Potasio en suero,mmol/L,4.5-7.0,,,,
Biometría hemática,Hemoglobina,g/dL,14.0-22.5,13.5-20.5,11.0-13.0,,
Biometría hemática,Hematocrito,%,47-62,42-62,30-48,,
Biometría hemática,Volumen corpuscular medio,fL,100-135,100-120,84-105,,
Biometría hemática,Hemoglobina corpuscular media,pg,31-37,28-40,24-36,,
Biometría hemática,Concentración de hemoglobina corpuscular media,%,32-36,32-36,32-36,,
Biometría hemática,Leucocitos,×10⁹/L,9-30,5-21,5-19,,
Biometría hemática,Neutrófilos,×10⁹/L,15-25.0,1.5-10.0,1.0-8.0,,
Biometría hemática,Linfocitos,×10⁹/L,2-11,2-17,2-13,,
Biometría hemática,Monocitos,×10⁹/L,0.1-1.7,0.1-1.7,0.1-1.1,,"El valor de 1 mes se lee 0.1-1.1 en la imagen; verificar contra el original."
Biometría hemática,Eosinófilos,×10⁹/L,0.1-1.1,0.1-1.1,0.1-1.1,,
Biometría hemática,Plaquetas,×10⁹/L,150-600,150-600,150-600,,
Examen general de orina,Creatinina en orina,g/24 h,,,,0.8-2.8,"La imagen muestra el intervalo 0.8 a 2.8 g/24 h."