sexo,edad_dias,edad_etiqueta,P3,P15,P50,P85,P97
M,0,nacimiento,2.5,2.9,3.3,3.7,4.4
M,30,1 mes,3.4,3.9,4.5,5.0,5.8
M,61,2 meses,4.3,4.9,5.6,6.3,7.1
M,91,3 meses,5.0,5.7,6.4,7.2,8.0
M,122,4 meses,5.6,6.3,7.0,7.8,8.7
M,152,5 meses,6.0,6.7,7.5,8.3,9.2
M,183,6 meses,6.4,7.1,7.9,8.8,9.8
M,213,7 meses,6.7,7.4,8.3,9.2,10.3
M,244,8 meses,6.9,7.7,8.6,9.6,10.7
M,274,9 meses,7.1,7.9,8.9,9.9,11.0
M,305,10 meses,7.4,8.2,9.2,10.2,11.4
M,335,11 meses,7.6,8.4,9.4,10.5,11.7
M,365,12 meses,7.7,8.6,9.6,10.7,12.0
F,0,nacimiento,2.44,2.78,3.23,3.73,4.17
F,30,1 mes,3.20,3.61,4.17,4.80,5.37
F,61,2 meses,4.01,4.48,5.13,5.87,6.53
F,91,3 meses,4.60,5.12,5.84,6.65,7.40
F,122,4 meses,5.09,5.65,6.43,7.31,8.12
F,152,5 meses,5.48,6.07,6.90,7.83,8.70
F,183,6 meses,5.82,6.44,7.30,8.29,9.20
F,213,7 meses,6.09,6.74,7.64,8.68,9.64
F,244,8 meses,6.35,7.02,7.95,9.03,10.04
F,274,9 meses,6.56,7.26,8.23,9.35,10.39
F,305,10 meses,6.77,7.49,8.48,9.64,10.73
F,335,11 meses,6.96,7.69,8.72,9.92,11.04
F,365,12 meses,7.14,7.89,8.95,10.18,11.33