indicador,sexo,intervalo_meses,mes_inicio,mes_fin,L,M,S,delta
pc,F,2,0,2,0.8807,4.3539,0.15953,0.0
pc,F,2,1,3,0.8807,3.1035,0.16706,0.0
pc,F,2,2,4,0.8807,2.3473,0.18107,0.0
pc,F,2,3,5,0.8807,1.9599,0.20017,0.0
pc,F,2,4,6,0.8807,1.6524,0.22476,0.0
pc,F,2,5,7,0.8807,1.3981,0.25281,0.0
pc,F,2,6,8,0.8807,1.1762,0.28607,0.0
pc,F,2,7,9,0.8807,0.9921,0.32161,0.0
pc,F,2,8,10,0.8807,0.8471,0.35933,0.0
pc,F,2,9,11,0.8807,0.7384,0.40034,0.0
pc,F,2,10,12,0.8807,0.6552,0.44193,0.0
pc,F,3,0,3,0.4252,5.5822,0.14155,0.0
pc,F,3,1,4,0.5408,4.1837,0.14611,0.0
pc,F,3,2,5,0.6316,3.2594,0.15573,0.0
pc,F,3,3,6,0.7066,2.7161,0.16952,0.0
pc,F,3,4,7,0.7704,2.2991,0.18602,0.0
pc,F,3,5,8,0.8262,1.9451,0.20505,0.0
pc,F,3,6,9,0.8756,1.6363,0.22644,0.0
pc,F,3,7,10,0.9201,1.3903,0.2492,0.0
pc,F,3,8,11,0.9605,1.2025,0.27282,0.0
pc,F,3,9,12,0.9976,1.069,0.29743,0.0
pc,F,4,0,4,0.5215,6.6605,0.12888,0.0
pc,F,4,1,5,0.5902,5.075,0.13444,0.0
pc,F,4,2,6,0.6469,4.0154,0.14318,0.0
pc,F,4,3,7,0.6952,3.3542,0.15397,0.0
pc,F,4,4,8,0.7374,2.8419,0.16676,0.0
pc,F,4,5,9,0.7748,2.3945,0.18192,0.0
pc,F,4,6,10,0.8085,2.0271,0.19915,0.0
pc,F,4,7,11,0.8391,1.7353,0.21812,0.0
pc,F,4,8,12,0.8672,1.5073,0.23888,0.0
pc,F,4,9,13,0.8931,1.3296,0.26147,0.0
pc,F,4,10,14,0.9172,1.1864,0.28575,0.0
pc,F,4,11,15,0.9397,1.0642,0.31149,0.0
pc,F,4,12,16,0.9608,0.9573,0.33813,0.0
pc,F,4,13,17,0.9808,0.8664,0.36514,0.0
pc,F,4,14,18,0.9996,0.794,0.39238,0.0
pc,F,4,15,19,1.0175,0.7411,0.41976,0.0
pc,F,4,16,20,1.0344,0.6953,0.44691,0.0
pc,F,4,17,21,1.0506,0.6457,0.4735,0.0
pc,F,4,18,22,1.0661,0.5953,0.49958,0.0
pc,F,4,19,23,1.081,0.5473,0.52538,0.0
pc,F,4,20,24,1.0952,0.5013,0.55112,0.0
pc,F,6,0,6,0.2608,8.2683,0.11607,0.0
pc,F,6,1,7,0.3426,6.5037,0.11997,0.0
pc,F,6,2,8,0.414,5.2206,0.1259,0.0
pc,F,6,3,9,0.4774,4.341,0.13381,0.0
pc,F,6,4,10,0.5344,3.6748,0.14324,0.0
pc,F,6,5,11,0.5863,3.1336,0.15447,0.0
pc,F,6,6,12,0.6338,2.689,0.16777,0.0
pc,F,6,7,13,0.6777,2.3226,0.18258,0.0
pc,F,6,8,14,0.7186,2.0288,0.19851,0.0
pc,F,6,9,15,0.7567,1.7978,0.21524,0.0
pc,F,6,10,16,0.7925,1.6098,0.23248,0.0
pc,F,6,11,17,0.8262,1.45,0.24989,0.0
pc,F,6,12,18,0.8581,1.3166,0.26722,0.0
pc,F,6,13,19,0.8884,1.2111,0.28419,0.0
pc,F,6,14,20,0.9172,1.1249,0.30032,0.0
pc,F,6,15,21,0.9446,1.0506,0.31516,0.0
pc,F,6,16,22,0.9708,0.9819,0.32846,0.0
pc,F,6,17,23,0.9959,0.9149,0.34024,0.0
pc,F,6,18,24,1.02,0.8494,0.35116,0.0
pc,M,2,0,2,0.9267,4.6878,0.16093,0.0
pc,M,2,1,3,0.621,3.3714,0.15634,0.0
pc,M,2,2,4,0.5607,2.517,0.16382,0.0
pc,M,2,3,5,0.6219,2.0747,0.18097,0.0
pc,M,2,4,6,0.7141,1.7184,0.207,0.0
pc,M,2,5,7,0.7879,1.4381,0.23798,0.0
pc,M,2,6,8,0.8482,1.2009,0.27392,0.0
pc,M,2,7,9,0.8985,1.0106,0.31173,0.0
pc,M,2,8,10,0.9379,0.8731,0.35212,0.0
pc,M,2,9,11,0.9577,0.7615,0.39591,0.0
pc,M,2,10,12,0.9598,0.6659,0.44007,0.0
pc,M,3,0,3,0.7558,6.0419,0.13725,0.0
pc,M,3,1,4,0.4737,4.5132,0.13624,0.0
pc,M,3,2,5,0.4137,3.4944,0.14382,0.0
pc,M,3,3,6,0.4858,2.8568,0.15846,0.0
pc,M,3,4,7,0.5992,2.384,0.17799,0.0
pc,M,3,5,8,0.7074,1.9903,0.20021,0.0
pc,M,3,6,9,0.8123,1.6704,0.22358,0.0
pc,M,3,7,10,0.9028,1.4214,0.24758,0.0
pc,M,3,8,11,0.9602,1.2321,0.27193,0.0
pc,M,3,9,12,0.9852,1.0768,0.29648,0.0
pc,M,4,0,4,0.3279,7.1133,0.1244,0.0
pc,M,4,1,5,0.4212,5.4806,0.12713,0.0
pc,M,4,2,6,0.5076,4.2702,0.13454,0.0
pc,M,4,3,7,0.584,3.5185,0.14592,0.0
pc,M,4,4,8,0.6557,2.9255,0.16106,0.0
pc,M,4,5,9,0.7179,2.4506,0.17841,0.0
pc,M,4,6,10,0.7719,2.078,0.19784,0.0
pc,M,4,7,11,0.818,1.7696,0.21918,0.0
pc,M,4,8,12,0.8532,1.5301,0.24082,0.0
pc,M,4,9,13,0.8808,1.3368,0.26394,0.0
pc,M,4,10,14,0.9009,1.1844,0.28656,0.0
pc,M,4,11,15,0.9166,1.0457,0.3097,0.0
pc,M,4,12,16,0.9278,0.9301,0.33162,0.0
pc,M,4,13,17,0.9357,0.8359,0.35292,0.0
pc,M,4,14,18,0.9414,0.7605,0.37421,0.0
pc,M,4,15,19,0.9452,0.707,0.39409,0.0
pc,M,4,16,20,0.948,0.6637,0.41387,0.0
pc,M,4,17,21,0.95,0.6277,0.43237,0.0
pc,M,4,18,22,0.9518,0.5923,0.45102,0.0
pc,M,4,19,23,0.9535,0.5575,0.46942,0.0
pc,M,4,20,24,0.955,0.5248,0.48711,0.0
pc,M,6,0,6,0.4441,8.864,0.1101,0.0
pc,M,6,1,7,0.4988,6.9439,0.11688,0.0
pc,M,6,2,8,0.5465,5.5066,0.12498,0.0
pc,M,6,3,9,0.5888,4.526,0.13512,0.0
pc,M,6,4,10,0.6269,3.7983,0.14708,0.0
pc,M,6,5,11,0.6616,3.2122,0.16026,0.0
pc,M,6,6,12,0.6933,2.7354,0.17427,0.0
pc,M,6,7,13,0.7226,2.3511,0.18884,0.0
pc,M,6,8,14,0.7499,2.0461,0.20363,0.0
pc,M,6,9,15,0.7754,1.7985,0.21837,0.0
pc,M,6,10,16,0.7993,1.5932,0.2328,0.0
pc,M,6,11,17,0.8218,1.4211,0.24672,0.0
pc,M,6,12,18,0.8431,1.2795,0.26021,0.0
pc,M,6,13,19,0.8633,1.1676,0.27339,0.0
pc,M,6,14,20,0.8825,1.0785,0.28632,0.0
pc,M,6,15,21,0.9009,1.0078,0.29903,0.0
pc,M,6,16,22,0.9184,0.9483,0.31159,0.0
pc,M,6,17,23,0.9351,0.8976,0.32406,0.0
pc,M,6,18,24,0.9512,0.8511,0.33648,0.0
peso,F,1,0,1,0.7781,1279.4834,0.21479,400
peso,F,1,1,2,0.7781,1411.1075,0.19384,400
peso,F,1,2,3,0.7781,1118.0098,0.19766,400
peso,F,1,3,4,0.7781,984.8825,0.20995,400
peso,F,1,4,5,0.7781,888.9803,0.22671,400
peso,F,1,5,6,0.7781,801.391,0.24596,400
peso,F,1,6,7,0.7781,744.3023,0.26515,400
peso,F,1,7,8,0.7781,710.6923,0.28409,400
peso,F,1,8,9,0.7781,672.6072,0.30106,400
peso,F,1,9,10,0.7781,644.6032,0.31676,400
peso,F,1,10,11,0.7781,633.2166,0.33208,400
peso,F,1,11,12,0.7781,631.7383,0.34627,400
peso,F,2,0,2,0.4599,2497.0406,0.18,600
peso,F,2,1,3,0.3294,2314.2285,0.17612,600
peso,F,2,2,4,0.3128,1907.0116,0.17761,600
peso,F,2,3,5,0.356,1673.5778,0.18421,600
peso,F,2,4,6,0.4264,1482.7466,0.19524,600
peso,F,2,5,7,0.5002,1342.3734,0.20864,600
peso,F,2,6,8,0.5699,1251.4869,0.22315,600
peso,F,2,7,9,0.6268,1181.4135,0.23586,600
peso,F,2,8,10,0.673,1116.8192,0.2468,600
peso,F,2,9,11,0.7102,1078.3961,0.25656,600
peso,F,2,10,12,0.7382,1058.4112,0.26494,600
peso,F,2,11,13,0.7605,1040.8737,0.27292,600
peso,F,2,12,14,0.7762,1027.9459,0.28011,600
peso,F,2,13,15,0.7864,1019.687,0.28705,600
peso,F,2,14,16,0.7913,1016.4898,0.29343,600
peso,F,2,15,17,0.7922,1017.5335,0.29961,600
peso,F,2,16,18,0.7902,1017.2241,0.30592,600
peso,F,2,17,19,0.7866,1012.8511,0.31201,600
peso,F,2,18,20,0.7827,1007.2711,0.31824,600
peso,F,2,19,21,0.7795,1001.8324,0.32415,600
peso,F,2,20,22,0.7771,993.3265,0.33014,600
peso,F,2,21,23,0.7755,980.7096,0.33605,600
peso,F,2,22,24,0.7743,967.2057,0.34166,600
peso,F,3,0,3,0.2298,3403.924,0.16227,800
peso,F,3,1,4,0.0924,3054.3512,0.15958,800
peso,F,3,2,5,0.0599,2618.644,0.16338,800
peso,F,3,3,6,0.13,2277.5681,0.1699,800
peso,F,3,4,7,0.2404,2030.2917,0.1796,800
peso,F,3,5,8,0.358,1855.0162,0.19157,800
peso,F,3,6,9,0.4576,1724.5802,0.20334,800
peso,F,3,7,10,0.5317,1624.4588,0.2135,800
peso,F,3,8,11,0.5891,1552.7117,0.22168,800
peso,F,3,9,12,0.6373,1506.412,0.22796,800
peso,F,3,10,13,0.6806,1476.5227,0.23285,800
peso,F,3,11,14,0.7211,1455.9527,0.23682,800
peso,F,3,12,15,0.7527,1442.0871,0.2404,800
peso,F,3,13,16,0.7679,1434.2381,0.24403,800
peso,F,3,14,17,0.7642,1431.1099,0.24794,800
peso,F,3,15,18,0.7482,1429.1551,0.25198,800
peso,F,3,16,19,0.7267,1425.3256,0.25598,800
peso,F,3,17,20,0.7032,1418.4764,0.25989,800
peso,F,3,18,21,0.6782,1409.2288,0.26384,800
peso,F,3,19,22,0.6522,1398.1693,0.26792,800
peso,F,3,20,23,0.6262,1385.3711,0.27191,800
peso,F,3,21,24,0.6013,1370.5464,0.27539,800
peso,F,4,0,4,0.0891,4009.5248,0.15636,800
peso,F,4,1,5,-0.0491,3541.1498,0.16054,800
peso,F,4,2,6,-0.0362,3002.2985,0.16706,800
peso,F,4,3,7,0.0557,2616.8194,0.17682,800
peso,F,4,4,8,0.1899,2331.5089,0.18968,800
peso,F,4,5,9,0.3154,2118.7222,0.20292,800
peso,F,4,6,10,0.4069,1963.5334,0.21481,800
peso,F,4,7,11,0.4873,1855.0205,0.22441,800
peso,F,4,8,12,0.5659,1780.1251,0.2312,800
peso,F,4,9,13,0.6483,1726.3407,0.23622,800
peso,F,4,10,14,0.7201,1691.6549,0.2398,800
peso,F,4,11,15,0.7759,1668.6291,0.24275,800
peso,F,4,12,16,0.8064,1655.384,0.24522,800
peso,F,4,13,17,0.8111,1648.5922,0.24757,800
peso,F,4,14,18,0.7924,1643.852,0.25015,800
peso,F,4,15,19,0.7577,1638.7127,0.25299,800
peso,F,4,16,20,0.7139,1631.2189,0.25623,800
peso,F,4,17,21,0.6699,1621.0212,0.25952,800
peso,F,4,18,22,0.6227,1607.4454,0.2629,800
peso,F,4,19,23,0.5732,1591.7399,0.26613,800
peso,F,4,20,24,0.5249,1576.2729,0.26914,800
peso,F,6,0,6,-0.1223,4528.9831,0.15945,450
peso,F,6,1,7,-0.028,3911.9319,0.17265,450
peso,F,6,2,8,0.0799,3327.7315,0.18755,450
peso,F,6,3,9,0.1942,2853.38,0.20514,450
peso,F,6,4,10,0.3097,2501.5063,0.22466,450
peso,F,6,5,11,0.4246,2248.588,0.24383,450
peso,F,6,6,12,0.525,2068.2742,0.25997,450
peso,F,6,7,13,0.6042,1939.2944,0.27156,450
peso,F,6,8,14,0.6644,1850.4715,0.27943,450
peso,F,6,9,15,0.7065,1793.3361,0.28481,450
peso,F,6,10,16,0.7288,1758.5512,0.2887,450
peso,F,6,11,17,0.7317,1738.3567,0.29175,450
peso,F,6,12,18,0.7206,1725.0429,0.29439,450
peso,F,6,13,19,0.7016,1713.8691,0.29696,450
peso,F,6,14,20,0.6812,1703.1167,0.29971,450
peso,F,6,15,21,0.6643,1691.6943,0.30278,450
peso,F,6,16,22,0.6534,1677.6772,0.30619,450
peso,F,6,17,23,0.6489,1659.966,0.30991,450
peso,F,6,18,24,0.6476,1640.7438,0.31376,450
peso,M,1,0,1,1.3828,1423.0783,0.22048,400
peso,M,1,1,2,0.7241,1596.347,0.19296,400
peso,M,1,2,3,0.659,1215.3989,0.19591,400
peso,M,1,3,4,0.7003,1017.0488,0.20965,400
peso,M,1,4,5,0.7419,921.6249,0.2279,400
peso,M,1,5,6,0.7668,822.1842,0.24854,400
peso,M,1,6,7,0.7688,756.5306,0.26783,400
peso,M,1,7,8,0.7624,715.6257,0.28677,400
peso,M,1,8,9,0.762,684.7459,0.30439,400
peso,M,1,9,10,0.7659,658.5809,0.32154,400
peso,M,1,10,11,0.7713,643.4374,0.33882,400
peso,M,1,11,12,0.7761,639.4743,0.35502,400
peso,M,2,0,2,0.7188,2815.612,0.17422,600
peso,M,2,1,3,0.6464,2592.0761,0.17025,600
peso,M,2,2,4,0.6071,2038.1036,0.17559,600
peso,M,2,3,5,0.5915,1744.8197,0.18708,600
peso,M,2,4,6,0.5891,1541.367,0.2013,600
peso,M,2,5,7,0.5954,1377.6979,0.21318,600
peso,M,2,6,8,0.6088,1272.5277,0.22426,600
peso,M,2,7,9,0.627,1201.4599,0.23472,600
peso,M,2,8,10,0.6486,1143.8903,0.24611,600
peso,M,2,9,11,0.6725,1101.6312,0.25918,600
peso,M,2,10,12,0.6959,1077.9049,0.27217,600
peso,M,2,11,13,0.7191,1057.9071,0.28462,600
peso,M,2,12,14,0.7399,1037.0541,0.29479,600
peso,M,2,13,15,0.7597,1014.185,0.30285,600
peso,M,2,14,16,0.7771,1000.5821,0.30864,600
peso,M,2,15,17,0.7929,999.4661,0.3129,600
peso,M,2,16,18,0.8078,1000.968,0.31615,600
peso,M,2,17,19,0.821,998.4215,0.31858,600
peso,M,2,18,20,0.8335,992.804,0.32058,600
peso,M,2,19,21,0.8447,986.9799,0.32222,600
peso,M,2,20,22,0.8554,981.7965,0.32377,600
peso,M,2,21,23,0.8655,978.4016,0.32529,600
peso,M,2,22,24,0.8748,976.3696,0.32673,600
peso,M,3,0,3,0.6854,3638.873,0.15801,650
peso,M,3,1,4,0.6503,3215.101,0.16539,650
peso,M,3,2,5,0.5884,2661.5629,0.17708,650
peso,M,3,3,6,0.5368,2231.9042,0.1885,650
peso,M,3,4,7,0.4999,1939.0717,0.19877,650
peso,M,3,5,8,0.4819,1745.5952,0.20848,650
peso,M,3,6,9,0.4866,1611.6464,0.21853,650
peso,M,3,7,10,0.5135,1514.8958,0.2294,650
peso,M,3,8,11,0.5582,1442.6013,0.24108,650
peso,M,3,9,12,0.6092,1387.884,0.25261,650
peso,M,3,10,13,0.658,1346.3553,0.26315,650
peso,M,3,11,14,0.7,1314.9304,0.27214,650
peso,M,3,12,15,0.7323,1291.3726,0.27922,650
peso,M,3,13,16,0.755,1273.886,0.28446,650
peso,M,3,14,17,0.7695,1261.0053,0.28821,650
peso,M,3,15,18,0.7769,1251.6296,0.29074,650
peso,M,3,16,19,0.7781,1244.9248,0.29231,650
peso,M,3,17,20,0.774,1240.2027,0.29311,650
peso,M,3,18,21,0.7663,1235.8993,0.2935,650
peso,M,3,19,22,0.7569,1229.8975,0.29388,650
peso,M,3,20,23,0.7475,1220.6029,0.2946,650
peso,M,3,21,24,0.7393,1206.8517,0.29591,650
peso,M,4,0,4,0.7672,4136.2992,0.15684,500
peso,M,4,1,5,0.6482,3623.4564,0.17439,500
peso,M,4,2,6,0.5632,2900.447,0.19057,500
peso,M,4,3,7,0.4863,2424.1094,0.2039,500
peso,M,4,4,8,0.4302,2106.5547,0.21598,500
peso,M,4,5,9,0.4321,1871.4914,0.22766,500
peso,M,4,6,10,0.4881,1711.6071,0.24076,500
peso,M,4,7,11,0.5825,1598.0178,0.25575,500
peso,M,4,8,12,0.6678,1526.3463,0.27024,500
peso,M,4,9,13,0.7242,1473.6287,0.2835,500
peso,M,4,10,14,0.7587,1423.7181,0.29393,500
peso,M,4,11,15,0.7822,1370.5468,0.30204,500
peso,M,4,12,16,0.7966,1334.9524,0.30757,500
peso,M,4,13,17,0.8054,1321.4376,0.31114,500
peso,M,4,14,18,0.8084,1315.2621,0.31327,500
peso,M,4,15,19,0.8041,1308.5472,0.31429,500
peso,M,4,16,20,0.7912,1297.8646,0.31482,500
peso,M,4,17,21,0.7712,1284.7539,0.3152,500
peso,M,4,18,22,0.7469,1271.459,0.31566,500
peso,M,4,19,23,0.7222,1262.1643,0.31628,500
peso,M,4,20,24,0.6991,1257.3339,0.31696,500
peso,M,6,0,6,0.5209,4929.7718,0.15679,350
peso,M,6,1,7,0.4856,4243.2925,0.17552,350
peso,M,6,2,8,0.4609,3442.915,0.19228,350
peso,M,6,3,9,0.449,2879.5905,0.20802,350
peso,M,6,4,10,0.4511,2501.8054,0.22426,350
peso,M,6,5,11,0.466,2220.6833,0.24197,350
peso,M,6,6,12,0.4895,2037.9406,0.26076,350
peso,M,6,7,13,0.5168,1903.183,0.27848,350
peso,M,6,8,14,0.5442,1794.7774,0.29319,350
peso,M,6,9,15,0.5697,1709.1588,0.30394,350
peso,M,6,10,16,0.5943,1651.415,0.31109,350
peso,M,6,11,17,0.619,1616.6162,0.31517,350
peso,M,6,12,18,0.6428,1590.6081,0.31683,350
peso,M,6,13,19,0.6649,1571.5549,0.31675,350
peso,M,6,14,20,0.6849,1557.0267,0.31549,350
peso,M,6,15,21,0.7027,1545.9058,0.31347,350
peso,M,6,16,22,0.7187,1533.6871,0.31113,350
peso,M,6,17,23,0.7336,1520.616,0.30878,350
peso,M,6,18,24,0.7478,1508.4744,0.30647,350
talla,F,2,0,2,0.9918,7.9023,0.14123,0.0
talla,F,2,1,3,0.9918,6.3775,0.15004,0.0
talla,F,2,2,4,0.9918,5.1574,0.17732,0.0
talla,F,2,3,5,0.9918,4.2877,0.21092,0.0
talla,F,2,4,6,0.9918,3.5965,0.23941,0.0
talla,F,2,5,7,0.9918,3.1827,0.25995,0.0
talla,F,2,6,8,0.9918,3.0,0.27597,0.0
talla,F,2,7,9,0.9918,2.8764,0.28638,0.0
talla,F,2,8,10,0.9918,2.7444,0.29192,0.0
talla,F,2,9,11,0.9918,2.6284,0.29751,0.0
talla,F,2,10,12,0.9918,2.5303,0.30553,0.0
talla,F,2,11,13,0.9918,2.4425,0.31612,0.0
talla,F,2,12,14,0.9918,2.3621,0.32828,0.0
talla,F,2,13,15,0.9918,2.2879,0.34112,0.0
talla,F,2,14,16,0.9918,2.2236,0.35425,0.0
talla,F,2,15,17,0.9918,2.1684,0.36737,0.0
talla,F,2,16,18,0.9918,2.1113,0.38003,0.0
talla,F,2,17,19,0.9918,2.047,0.39199,0.0
talla,F,2,18,20,0.9918,1.9822,0.40358,0.0
talla,F,2,19,21,0.9918,1.9225,0.41519,0.0
talla,F,2,20,22,0.9918,1.8682,0.42686,0.0
talla,F,2,21,23,0.9918,1.8192,0.43859,0.0
talla,F,2,22,24,0.9918,1.775,0.45033,0.0
talla,F,3,0,3,0.8538,10.5967,0.11683,0.0
talla,F,3,1,4,0.8538,8.7743,0.13505,0.0
talla,F,3,2,5,0.8538,7.1455,0.15574,0.0
talla,F,3,3,6,0.8538,5.9428,0.17798,0.0
talla,F,3,4,7,0.8538,5.1554,0.19661,0.0
talla,F,3,5,8,0.8538,4.6834,0.20988,0.0
talla,F,3,6,9,0.8538,4.3922,0.21849,0.0
talla,F,3,7,10,0.8538,4.1971,0.22383,0.0
talla,F,3,8,11,0.8538,4.0329,0.22876,0.0
talla,F,3,9,12,0.8538,3.8692,0.23503,0.0
talla,F,3,10,13,0.8538,3.7174,0.24257,0.0
talla,F,3,11,14,0.8538,3.5892,0.25105,0.0
talla,F,3,12,15,0.8538,3.4811,0.25988,0.0
talla,F,3,13,16,0.8538,3.3844,0.26843,0.0
talla,F,3,14,17,0.8538,3.2934,0.27635,0.0
talla,F,3,15,18,0.8538,3.2051,0.28388,0.0
talla,F,3,16,19,0.8538,3.1173,0.2913,0.0
talla,F,3,17,20,0.8538,3.0295,0.29869,0.0
talla,F,3,18,21,0.8538,2.9427,0.30582,0.0
talla,F,3,19,22,0.8538,2.8576,0.31251,0.0
talla,F,3,20,23,0.8538,2.7779,0.31896,0.0
talla,F,3,21,24,0.8538,2.7091,0.32567,0.0
talla,F,4,0,4,0.8123,13.0081,0.10744,0.0
talla,F,4,1,5,0.8123,10.6621,0.12126,0.0
talla,F,4,2,6,0.8123,8.7302,0.13625,0.0
talla,F,4,3,7,0.8123,7.4606,0.15069,0.0
talla,F,4,4,8,0.8123,6.5992,0.16368,0.0
talla,F,4,5,9,0.8123,6.0664,0.1724,0.0
talla,F,4,6,10,0.8123,5.7273,0.17782,0.0
talla,F,4,7,11,0.8123,5.4731,0.18189,0.0
talla,F,4,8,12,0.8123,5.2575,0.18562,0.0
talla,F,4,9,13,0.8123,5.055,0.18974,0.0
talla,F,4,10,14,0.8123,4.8763,0.19407,0.0
talla,F,4,11,15,0.8123,4.7084,0.19893,0.0
talla,F,4,12,16,0.8123,4.5658,0.20385,0.0
talla,F,4,13,17,0.8123,4.4427,0.2088,0.0
talla,F,4,14,18,0.8123,4.3256,0.21372,0.0
talla,F,4,15,19,0.8123,4.2141,0.21816,0.0
talla,F,4,16,20,0.8123,4.0974,0.2224,0.0
talla,F,4,17,21,0.8123,3.9825,0.22623,0.0
talla,F,4,18,22,0.8123,3.866,0.22998,0.0
talla,F,4,19,23,0.8123,3.7559,0.23357,0.0
talla,F,4,20,24,0.8123,3.6558,0.23694,0.0
talla,F,6,0,6,0.7138,16.4915,0.09904,0.0
talla,F,6,1,7,0.7138,13.8733,0.10884,0.0
talla,F,6,2,8,0.7138,11.8137,0.11821,0.0
talla,F,6,3,9,0.7138,10.3499,0.12639,0.0
talla,F,6,4,10,0.7138,9.3426,0.1329,0.0
talla,F,6,5,11,0.7138,8.677,0.13782,0.0
talla,F,6,6,12,0.7138,8.2244,0.14171,0.0
talla,F,6,7,13,0.7138,7.8787,0.14512,0.0
talla,F,6,8,14,0.7138,7.5879,0.14836,0.0
talla,F,6,9,15,0.7138,7.3259,0.15166,0.0
talla,F,6,10,16,0.7138,7.0897,0.15514,0.0
talla,F,6,11,17,0.7138,6.8778,0.1588,0.0
talla,F,6,12,18,0.7138,6.6823,0.16252,0.0
talla,F,6,13,19,0.7138,6.4984,0.16617,0.0
talla,F,6,14,20,0.7138,6.3217,0.16964,0.0
talla,F,6,15,21,0.7138,6.1484,0.17287,0.0
talla,F,6,16,22,0.7138,5.977,0.17591,0.0
talla,F,6,17,23,0.7138,5.8083,0.17884,0.0
talla,F,6,18,24,0.7138,5.6454,0.18169,0.0
talla,M,2,0,2,0.9497,8.482,0.134,0.0
talla,M,2,1,3,0.9497,6.9984,0.14062,0.0
talla,M,2,2,4,0.9497,5.5716,0.17179,0.0
talla,M,2,3,5,0.9497,4.4941,0.20929,0.0
talla,M,2,4,6,0.9497,3.7228,0.24323,0.0
talla,M,2,5,7,0.9497,3.2403,0.26837,0.0
talla,M,2,6,8,0.9497,2.9661,0.28481,0.0
talla,M,2,7,9,0.9497,2.8089,0.29636,0.0
talla,M,2,8,10,0.9497,2.6901,0.30505,0.0
talla,M,2,9,11,0.9497,2.5785,0.31391,0.0
talla,M,2,10,12,0.9497,2.4724,0.324,0.0
talla,M,2,11,13,0.9497,2.3818,0.33613,0.0
talla,M,2,12,14,0.9497,2.2978,0.34908,0.0
talla,M,2,13,15,0.9497,2.2138,0.36174,0.0
talla,M,2,14,16,0.9497,2.1357,0.3741,0.0
talla,M,2,15,17,0.9497,2.0675,0.38645,0.0
talla,M,2,16,18,0.9497,2.0061,0.39924,0.0
talla,M,2,17,19,0.9497,1.9495,0.41274,0.0
talla,M,2,18,20,0.9497,1.8972,0.42656,0.0
talla,M,2,19,21,0.9497,1.849,0.44029,0.0
talla,M,2,20,22,0.9497,1.803,0.45398,0.0
talla,M,2,21,23,0.9497,1.7575,0.46768,0.0
talla,M,2,22,24,0.9497,1.7133,0.48129,0.0
talla,M,3,0,3,0.8792,11.4458,0.11285,0.0
talla,M,3,1,4,0.8792,9.495,0.127,0.0
talla,M,3,2,5,0.8792,7.6058,0.15474,0.0
talla,M,3,3,6,0.8792,6.2317,0.18096,0.0
talla,M,3,4,7,0.8792,5.3243,0.20103,0.0
talla,M,3,5,8,0.8792,4.7433,0.21513,0.0
talla,M,3,6,9,0.8792,4.3594,0.22535,0.0
talla,M,3,7,10,0.8792,4.1002,0.23308,0.0
talla,M,3,8,11,0.8792,3.92,0.23935,0.0
talla,M,3,9,12,0.8792,3.7818,0.24526,0.0
talla,M,3,10,13,0.8792,3.6611,0.25157,0.0
talla,M,3,11,14,0.8792,3.543,0.25876,0.0
talla,M,3,12,15,0.8792,3.4189,0.26713,0.0
talla,M,3,13,16,0.8792,3.292,0.27641,0.0
talla,M,3,14,17,0.8792,3.1717,0.2859,0.0
talla,M,3,15,18,0.8792,3.0649,0.29508,0.0
talla,M,3,16,19,0.8792,2.9758,0.30351,0.0
talla,M,3,17,20,0.8792,2.9068,0.31089,0.0
talla,M,3,18,21,0.8792,2.8507,0.31767,0.0
talla,M,3,19,22,0.8792,2.794,0.32487,0.0
talla,M,3,20,23,0.8792,2.7265,0.33332,0.0
talla,M,3,21,24,0.8792,2.6405,0.34377,0.0
talla,M,4,0,4,1.0138,13.977,0.10113,0.0
talla,M,4,1,5,1.0138,11.4886,0.12006,0.0
talla,M,4,2,6,1.0138,9.3048,0.13954,0.0
talla,M,4,3,7,1.0138,7.7601,0.15624,0.0
talla,M,4,4,8,1.0138,6.7018,0.16955,0.0
talla,M,4,5,9,1.0138,6.0704,0.1778,0.0
talla,M,4,6,10,1.0138,5.6756,0.18311,0.0
talla,M,4,7,11,1.0138,5.3939,0.18754,0.0
talla,M,4,8,12,1.0138,5.1699,0.19138,0.0
talla,M,4,9,13,1.0138,4.9623,0.19512,0.0
talla,M,4,10,14,1.0138,4.7773,0.1988,0.0
talla,M,4,11,15,1.0138,4.6014,0.20286,0.0
talla,M,4,12,16,1.0138,4.4487,0.20707,0.0
talla,M,4,13,17,1.0138,4.3123,0.21158,0.0
talla,M,4,14,18,1.0138,4.1833,0.21644,0.0
talla,M,4,15,19,1.0138,4.068,0.22124,0.0
talla,M,4,16,20,1.0138,3.9584,0.22619,0.0
talla,M,4,17,21,1.0138,3.86,0.23092,0.0
talla,M,4,18,22,1.0138,3.7663,0.23577,0.0
talla,M,4,19,23,1.0138,3.6815,0.24063,0.0
talla,M,4,20,24,1.0138,3.6058,0.2453,0.0
talla,M,6,0,6,0.9027,17.6547,0.09452,0.0
talla,M,6,1,7,0.9027,14.711,0.10935,0.0
talla,M,6,2,8,0.9027,12.3097,0.12383,0.0
talla,M,6,3,9,0.9027,10.5768,0.1357,0.0
talla,M,6,4,10,0.9027,9.4,0.14407,0.0
talla,M,6,5,11,0.9027,8.6282,0.14919,0.0
talla,M,6,6,12,0.9027,8.1114,0.15162,0.0
talla,M,6,7,13,0.9027,7.7366,0.15255,0.0
talla,M,6,8,14,0.9027,7.4335,0.15299,0.0
talla,M,6,9,15,0.9027,7.1621,0.15364,0.0
talla,M,6,10,16,0.9027,6.9165,0.15479,0.0
talla,M,6,11,17,0.9027,6.6927,0.15649,0.0
talla,M,6,12,18,0.9027,6.483,0.15863,0.0
talla,M,6,13,19,0.9027,6.2862,0.16108,0.0
talla,M,6,14,20,0.9027,6.1061,0.16362,0.0
talla,M,6,15,21,0.9027,5.9431,0.1661,0.0
talla,M,6,16,22,0.9027,5.7899,0.16861,0.0
talla,M,6,17,23,0.9027,5.6425,0.17124,0.0
talla,M,6,18,24,0.9027,5.5018,0.17392,0.0
