indicador,sexo,intervalo,edad_inicio_meses,edad_fin_meses,unidad,L,M,S,delta,P1,P3,P5,P15,P25,P50,P75,P85,P95,P97,P99,tabla_OMS
talla,Niños,2 meses,0.0,2.0,cm,0.9497,8.482,0.134,0,5.9,6.4,6.6,7.3,7.7,8.5,9.3,9.7,10.4,10.6,11.1,18
talla,Niños,2 meses,1.0,3.0,cm,0.9497,6.9984,0.14062,0,4.7,5.2,5.4,6.0,6.3,7.0,7.7,8.0,8.6,8.9,9.3,18
talla,Niños,2 meses,2.0,4.0,cm,0.9497,5.5716,0.17179,0,3.4,3.8,4.0,4.6,4.9,5.6,6.2,6.6,7.2,7.4,7.8,18
talla,Niños,2 meses,3.0,5.0,cm,0.9497,4.4941,0.20929,0,2.3,2.7,3.0,3.5,3.9,4.5,5.1,5.5,6.1,6.3,6.7,18
talla,Niños,2 meses,4.0,6.0,cm,0.9497,3.7228,0.24323,0,1.7,2.0,2.3,2.8,3.1,3.7,4.3,4.7,5.2,5.4,5.9,18
talla,Niños,2 meses,5.0,7.0,cm,0.9497,3.2403,0.26837,0,1.3,1.6,1.8,2.3,2.7,3.2,3.8,4.1,4.7,4.9,5.3,18
talla,Niños,2 meses,6.0,8.0,cm,0.9497,2.9661,0.28481,0,1.0,1.4,1.6,2.1,2.4,3.0,3.5,3.8,4.4,4.6,5.0,18
talla,Niños,2 meses,7.0,9.0,cm,0.9497,2.8089,0.29636,0,0.9,1.3,1.5,2.0,2.3,2.8,3.4,3.7,4.2,4.4,4.8,18
talla,Niños,2 meses,8.0,10.0,cm,0.9497,2.6901,0.30505,0,0.8,1.2,1.4,1.8,2.1,2.7,3.2,3.5,4.1,4.3,4.6,18
talla,Niños,2 meses,9.0,11.0,cm,0.9497,2.5785,0.31391,0,0.7,1.1,1.3,1.7,2.0,2.6,3.1,3.4,3.9,4.1,4.5,18
talla,Niños,2 meses,10.0,12.0,cm,0.9497,2.4724,0.324,0,0.7,1.0,1.2,1.7,1.9,2.5,3.0,3.3,3.8,4.0,4.4,18
talla,Niños,2 meses,11.0,13.0,cm,0.9497,2.3818,0.33613,0,0.6,0.9,1.1,1.6,1.8,2.4,2.9,3.2,3.7,3.9,4.3,18
talla,Niños,2 meses,12.0,14.0,cm,0.9497,2.2978,0.34908,0,0.5,0.8,1.0,1.5,1.8,2.3,2.8,3.1,3.6,3.8,4.2,18
talla,Niños,2 meses,13.0,15.0,cm,0.9497,2.2138,0.36174,0,0.4,0.7,0.9,1.4,1.7,2.2,2.8,3.1,3.5,3.7,4.1,18
talla,Niños,2 meses,14.0,16.0,cm,0.9497,2.1357,0.3741,0,0.3,0.7,0.8,1.3,1.6,2.1,2.7,3.0,3.5,3.7,4.0,18
talla,Niños,2 meses,15.0,17.0,cm,0.9497,2.0675,0.38645,0,0.3,0.6,0.8,1.2,1.5,2.1,2.6,2.9,3.4,3.6,4.0,18
talla,Niños,2 meses,16.0,18.0,cm,0.9497,2.0061,0.39924,0,0.2,0.5,0.7,1.2,1.5,2.0,2.5,2.8,3.3,3.5,3.9,18
talla,Niños,2 meses,17.0,19.0,cm,0.9497,1.9495,0.41274,0,0.2,0.5,0.7,1.1,1.4,1.9,2.5,2.8,3.3,3.5,3.9,18
talla,Niños,2 meses,18.0,20.0,cm,0.9497,1.8972,0.42656,0,0.1,0.4,0.6,1.1,1.4,1.9,2.4,2.7,3.2,3.4,3.8,18
talla,Niños,2 meses,19.0,21.0,cm,0.9497,1.849,0.44029,0,0.0,0.4,0.5,1.0,1.3,1.8,2.4,2.7,3.2,3.4,3.8,18
talla,Niños,2 meses,20.0,22.0,cm,0.9497,1.803,0.45398,0,0.0,0.3,0.5,1.0,1.3,1.8,2.4,2.7,3.2,3.4,3.7,18
talla,Niños,2 meses,21.0,23.0,cm,0.9497,1.7575,0.46768,0,0.0,0.3,0.4,0.9,1.2,1.8,2.3,2.6,3.1,3.3,3.7,18
talla,Niños,2 meses,22.0,24.0,cm,0.9497,1.7133,0.48129,0,0.0,0.2,0.4,0.9,1.2,1.7,2.3,2.6,3.1,3.3,3.7,18
talla,Niños,3 meses,0.0,3.0,cm,0.8792,11.4458,0.11285,0,8.5,9.0,9.3,10.1,10.6,11.4,12.3,12.8,13.6,13.9,14.5,20
talla,Niños,3 meses,1.0,4.0,cm,0.8792,9.495,0.127,0,6.7,7.3,7.5,8.3,8.7,9.5,10.3,10.8,11.5,11.8,12.3,20
talla,Niños,3 meses,2.0,5.0,cm,0.8792,7.6058,0.15474,0,4.9,5.4,5.7,6.4,6.8,7.6,8.4,8.8,9.6,9.9,10.4,20
talla,Niños,3 meses,3.0,6.0,cm,0.8792,6.2317,0.18096,0,3.7,4.2,4.4,5.1,5.5,6.2,7.0,7.4,8.1,8.4,8.9,20
talla,Niños,3 meses,4.0,7.0,cm,0.8792,5.3243,0.20103,0,2.9,3.4,3.6,4.2,4.6,5.3,6.1,6.4,7.1,7.4,7.9,20
talla,Niños,3 meses,5.0,8.0,cm,0.8792,4.7433,0.21513,0,2.5,2.9,3.1,3.7,4.1,4.7,5.4,5.8,6.5,6.7,7.2,20
talla,Niños,3 meses,6.0,9.0,cm,0.8792,4.3594,0.22535,0,2.2,2.6,2.8,3.4,3.7,4.4,5.0,5.4,6.0,6.3,6.7,20
talla,Niños,3 meses,7.0,10.0,cm,0.8792,4.1002,0.23308,0,2.0,2.4,2.6,3.1,3.5,4.1,4.8,5.1,5.7,5.9,6.4,20
talla,Niños,3 meses,8.0,11.0,cm,0.8792,3.92,0.23935,0,1.8,2.2,2.4,3.0,3.3,3.9,4.6,4.9,5.5,5.7,6.2,20
talla,Niños,3 meses,9.0,12.0,cm,0.8792,3.7818,0.24526,0,1.7,2.1,2.3,2.8,3.2,3.8,4.4,4.8,5.3,5.6,6.0,20
talla,Niños,3 meses,10.0,13.0,cm,0.8792,3.6611,0.25157,0,1.6,2.0,2.2,2.7,3.0,3.7,4.3,4.6,5.2,5.4,5.9,20
talla,Niños,3 meses,11.0,14.0,cm,0.8792,3.543,0.25876,0,1.5,1.9,2.1,2.6,2.9,3.5,4.2,4.5,5.1,5.3,5.7,20
talla,Niños,3 meses,12.0,15.0,cm,0.8792,3.4189,0.26713,0,1.4,1.8,2.0,2.5,2.8,3.4,4.0,4.4,5.0,5.2,5.6,20
talla,Niños,3 meses,13.0,16.0,cm,0.8792,3.292,0.27641,0,1.3,1.6,1.8,2.4,2.7,3.3,3.9,4.3,4.8,5.1,5.5,20
talla,Niños,3 meses,14.0,17.0,cm,0.8792,3.1717,0.2859,0,1.2,1.5,1.7,2.3,2.6,3.2,3.8,4.1,4.7,4.9,5.4,20
talla,Niños,3 meses,15.0,18.0,cm,0.8792,3.0649,0.29508,0,1.1,1.4,1.6,2.1,2.5,3.1,3.7,4.0,4.6,4.8,5.2,20
talla,Niños,3 meses,16.0,19.0,cm,0.8792,2.9758,0.30351,0,1.0,1.3,1.5,2.1,2.4,3.0,3.6,3.9,4.5,4.7,5.2,20
talla,Niños,3 meses,17.0,20.0,cm,0.8792,2.9068,0.31089,0,0.9,1.3,1.5,2.0,2.3,2.9,3.5,3.9,4.4,4.7,5.1,20
talla,Niños,3 meses,18.0,21.0,cm,0.8792,2.8507,0.31767,0,0.9,1.2,1.4,1.9,2.2,2.9,3.5,3.8,4.4,4.6,5.0,20
talla,Niños,3 meses,19.0,22.0,cm,0.8792,2.794,0.32487,0,0.8,1.2,1.4,1.9,2.2,2.8,3.4,3.8,4.3,4.6,5.0,20
talla,Niños,3 meses,20.0,23.0,cm,0.8792,2.7265,0.33332,0,0.7,1.1,1.3,1.8,2.1,2.7,3.3,3.7,4.3,4.5,4.9,20
talla,Niños,3 meses,21.0,24.0,cm,0.8792,2.6405,0.34377,0,0.7,1.0,1.2,1.7,2.0,2.6,3.3,3.6,4.2,4.4,4.8,20
talla,Niños,4 meses,0.0,4.0,cm,1.0138,13.977,0.10113,0,10.7,11.3,11.6,12.5,13.0,14.0,14.9,15.4,16.3,16.6,17.3,22
talla,Niños,4 meses,1.0,5.0,cm,1.0138,11.4886,0.12006,0,8.3,8.9,9.2,10.1,10.6,11.5,12.4,12.9,13.8,14.1,14.7,22
talla,Niños,4 meses,2.0,6.0,cm,1.0138,9.3048,0.13954,0,6.3,6.9,7.2,8.0,8.4,9.3,10.2,10.6,11.4,11.7,12.3,22
talla,Niños,4 meses,3.0,7.0,cm,1.0138,7.7601,0.15624,0,4.9,5.5,5.8,6.5,6.9,7.8,8.6,9.0,9.8,10.0,10.6,22
talla,Niños,4 meses,4.0,8.0,cm,1.0138,6.7018,0.16955,0,4.0,4.6,4.8,5.5,5.9,6.7,7.5,7.9,8.6,8.8,9.3,22
talla,Niños,4 meses,5.0,9.0,cm,1.0138,6.0704,0.1778,0,3.6,4.0,4.3,5.0,5.3,6.1,6.8,7.2,7.8,8.1,8.6,22
talla,Niños,4 meses,6.0,10.0,cm,1.0138,5.6756,0.18311,0,3.2,3.7,4.0,4.6,5.0,5.7,6.4,6.8,7.4,7.6,8.1,22
talla,Niños,4 meses,7.0,11.0,cm,1.0138,5.3939,0.18754,0,3.0,3.5,3.7,4.3,4.7,5.4,6.1,6.4,7.1,7.3,7.7,22
talla,Niños,4 meses,8.0,12.0,cm,1.0138,5.1699,0.19138,0,2.9,3.3,3.5,4.1,4.5,5.2,5.8,6.2,6.8,7.0,7.5,22
talla,Niños,4 meses,9.0,13.0,cm,1.0138,4.9623,0.19512,0,2.7,3.1,3.4,4.0,4.3,5.0,5.6,6.0,6.6,6.8,7.2,22
talla,Niños,4 meses,10.0,14.0,cm,1.0138,4.7773,0.1988,0,2.6,3.0,3.2,3.8,4.1,4.8,5.4,5.8,6.3,6.6,7.0,22
talla,Niños,4 meses,11.0,15.0,cm,1.0138,4.6014,0.20286,0,2.4,2.8,3.1,3.6,4.0,4.6,5.2,5.6,6.1,6.4,6.8,22
talla,Niños,4 meses,12.0,16.0,cm,1.0138,4.4487,0.20707,0,2.3,2.7,2.9,3.5,3.8,4.4,5.1,5.4,6.0,6.2,6.6,22
talla,Niños,4 meses,13.0,17.0,cm,1.0138,4.3123,0.21158,0,2.2,2.6,2.8,3.4,3.7,4.3,4.9,5.3,5.8,6.0,6.4,22
talla,Niños,4 meses,14.0,18.0,cm,1.0138,4.1833,0.21644,0,2.1,2.5,2.7,3.2,3.6,4.2,4.8,5.1,5.7,5.9,6.3,22
talla,Niños,4 meses,15.0,19.0,cm,1.0138,4.068,0.22124,0,2.0,2.4,2.6,3.1,3.5,4.1,4.7,5.0,5.5,5.8,6.2,22
talla,Niños,4 meses,16.0,20.0,cm,1.0138,3.9584,0.22619,0,1.9,2.3,2.5,3.0,3.4,4.0,4.6,4.9,5.4,5.6,6.0,22
talla,Niños,4 meses,17.0,21.0,cm,1.0138,3.86,0.23092,0,1.8,2.2,2.4,2.9,3.3,3.9,4.5,4.8,5.3,5.5,5.9,22
talla,Niños,4 meses,18.0,22.0,cm,1.0138,3.7663,0.23577,0,1.7,2.1,2.3,2.8,3.2,3.8,4.4,4.7,5.2,5.4,5.8,22
talla,Niños,4 meses,19.0,23.0,cm,1.0138,3.6815,0.24063,0,1.6,2.0,2.2,2.8,3.1,3.7,4.3,4.6,5.1,5.3,5.7,22
talla,Niños,4 meses,20.0,24.0,cm,1.0138,3.6058,0.2453,0,1.5,1.9,2.1,2.7,3.0,3.6,4.2,4.5,5.1,5.3,5.7,22
talla,Niños,6 meses,0.0,6.0,cm,0.9027,17.6547,0.09452,0,13.8,14.5,14.9,15.9,16.5,17.7,18.8,19.4,20.4,20.8,21.6,24
talla,Niños,6 meses,1.0,7.0,cm,0.9027,14.711,0.10935,0,11.0,11.7,12.1,13.1,13.6,14.7,15.8,16.4,17.4,17.8,18.5,24
talla,Niños,6 meses,2.0,8.0,cm,0.9027,12.3097,0.12383,0,8.8,9.5,9.8,10.7,11.3,12.3,13.3,13.9,14.8,15.2,15.9,24
talla,Niños,6 meses,3.0,9.0,cm,0.9027,10.5768,0.1357,0,7.3,7.9,8.2,9.1,9.6,10.6,11.5,12.1,13.0,13.3,14.0,24
talla,Niños,6 meses,4.0,10.0,cm,0.9027,9.4,0.14407,0,6.3,6.9,7.2,8.0,8.5,9.4,10.3,10.8,11.7,12.0,12.6,24
talla,Niños,6 meses,5.0,11.0,cm,0.9027,8.6282,0.14919,0,5.7,6.2,6.5,7.3,7.8,8.6,9.5,10.0,10.8,11.1,11.7,24
talla,Niños,6 meses,6.0,12.0,cm,0.9027,8.1114,0.15162,0,5.3,5.8,6.1,6.8,7.3,8.1,8.9,9.4,10.2,10.5,11.0,24
talla,Niños,6 meses,7.0,13.0,cm,0.9027,7.7366,0.15255,0,5.0,5.6,5.8,6.5,6.9,7.7,8.5,9.0,9.7,10.0,10.5,24
talla,Niños,6 meses,8.0,14.0,cm,0.9027,7.4335,0.15299,0,4.8,5.3,5.6,6.3,6.7,7.4,8.2,8.6,9.3,9.6,10.1,24
talla,Niños,6 meses,9.0,15.0,cm,0.9027,7.1621,0.15364,0,4.7,5.1,5.4,6.0,6.4,7.2,7.9,8.3,9.0,9.3,9.8,24
talla,Niños,6 meses,10.0,16.0,cm,0.9027,6.9165,0.15479,0,4.5,4.9,5.2,5.8,6.2,6.9,7.6,8.0,8.7,9.0,9.4,24
talla,Niños,6 meses,11.0,17.0,cm,0.9027,6.6927,0.15649,0,4.3,4.8,5.0,5.6,6.0,6.7,7.4,7.8,8.4,8.7,9.2,24
talla,Niños,6 meses,12.0,18.0,cm,0.9027,6.483,0.15863,0,4.1,4.6,4.8,5.4,5.8,6.5,7.2,7.6,8.2,8.4,8.9,24
